{
	"metadata": {
		"version": 4.5,
		"type": "Object",
		"generator": "Object3D.toJSON"
	},
	"geometries": [
		{
			"uuid": "9690B6AF-0E7A-4F1D-9D24-2C212C345F0C",
			"type": "BoxBufferGeometry",
			"width": 0.2,
			"height": 0.2,
			"depth": 0.2,
			"widthSegments": 1,
			"heightSegments": 1,
			"depthSegments": 1
		},
		{
			"uuid": "DCC1F8D2-E17E-445A-BEEE-08965CA397C8",
			"type": "SphereBufferGeometry",
			"radius": 0.15,
			"widthSegments": 8,
			"heightSegments": 6,
			"phiStart": 0,
			"phiLength": 6.283185,
			"thetaStart": 0,
			"thetaLength": 3.141593
		},
		{
			"uuid": "A5184135-F08B-41F5-9FB0-0693AC3787AA",
			"type": "CylinderBufferGeometry",
			"radiusTop": 0.1,
			"radiusBottom": 1,
			"height": 0.6,
			"radialSegments": 8,
			"heightSegments": 1,
			"openEnded": true
		},
		{
			"uuid": "9B4ABCF7-790C-4094-914C-7C6EB46F1793",
			"type": "CylinderBufferGeometry",
			"radiusTop": 0.5,
			"radiusBottom": 2,
			"height": 0.6,
			"radialSegments": 8,
			"heightSegments": 1,
			"openEnded": true
		},
		{
			"uuid": "EB8B1591-48AF-4399-B4C0-1156BE2B0661",
			"type": "CylinderBufferGeometry",
			"radiusTop": 1,
			"radiusBottom": 3,
			"height": 0.8,
			"radialSegments": 8,
			"heightSegments": 1,
			"openEnded": true
		},
		{
			"uuid": "08721188-0622-4048-8776-42C9F093C07C",
			"type": "CylinderBufferGeometry",
			"radiusTop": 1,
			"radiusBottom": 5,
			"height": 0.8,
			"radialSegments": 8,
			"heightSegments": 1,
			"openEnded": true
		},
		{
			"uuid": "B3D955AC-BBA7-4039-B0F5-20363D9FB3AF",
			"type": "CylinderBufferGeometry",
			"radiusTop": 0.1,
			"radiusBottom": 2.2,
			"height": 1,
			"radialSegments": 8,
			"heightSegments": 1,
			"openEnded": true
		},
		{
			"uuid": "247ADA7C-DEE9-41CB-8936-DA5F77697564",
			"type": "CylinderBufferGeometry",
			"radiusTop": 1,
			"radiusBottom": 4,
			"height": 0.8,
			"radialSegments": 8,
			"heightSegments": 1,
			"openEnded": true
		}],
	"materials": [
		{
			"uuid": "2963FAD2-D808-4894-BEB6-415751F4F705",
			"type": "MeshStandardMaterial",
			"color": 15990541,
			"roughness": 0.5,
			"metalness": 0.5,
			"emissive": 16776448,
			"blending": 2,
			"depthFunc": 3,
			"depthTest": true,
			"depthWrite": true
		},
		{
			"uuid": "08212A6C-BD68-420F-A6BB-CC3E4B704ACF",
			"type": "LineBasicMaterial",
			"color": 16711683,
			"depthFunc": 3,
			"depthTest": true,
			"depthWrite": true
		},
		{
			"uuid": "E3E1BBC8-899B-47CD-BDFE-B02EC1916C9C",
			"type": "MeshStandardMaterial",
			"color": 1371430,
			"roughness": 0.5,
			"metalness": 0.5,
			"emissive": 1670686,
			"depthFunc": 3,
			"depthTest": true,
			"depthWrite": true
		},
		{
			"uuid": "46779EEF-5B27-480E-8C43-9E7DDF36B5BD",
			"type": "MeshStandardMaterial",
			"color": 65315,
			"roughness": 0.5,
			"metalness": 0.5,
			"emissive": 812313,
			"depthFunc": 3,
			"depthTest": true,
			"depthWrite": true
		}],
	"object": {
		"uuid": "31517222-A9A7-4EAF-B5F6-60751C0BABA3",
		"type": "Scene",
		"name": "Scene",
		"matrix": [1,0,0,0,0,1,0,0,0,0,1,0,-9.22,-5.28,7.4,1],
		"children": [
			{
				"uuid": "E749C46E-FF3A-4348-8409-0AD74F8D0E0D",
				"type": "Mesh",
				"name": "Box",
				"matrix": [1,0,0,0,0,1,0,0,0,0,1,0,10.044878,5.467499,-7.3961,1],
				"geometry": "9690B6AF-0E7A-4F1D-9D24-2C212C345F0C",
				"material": "2963FAD2-D808-4894-BEB6-415751F4F705"
			},
			{
				"uuid": "54999451-F2E6-476F-B03C-0A32FF7FAB28",
				"type": "Mesh",
				"name": "Box",
				"matrix": [1,0,0,0,0,1,0,0,0,0,1,0,8.417271,5.467499,-7.3961,1],
				"geometry": "9690B6AF-0E7A-4F1D-9D24-2C212C345F0C",
				"material": "2963FAD2-D808-4894-BEB6-415751F4F705"
			},
			{
				"uuid": "6EF420CA-58E6-463C-BC2A-3EE86D26CCB9",
				"type": "Mesh",
				"name": "Box",
				"matrix": [1,0,0,0,0,1,0,0,0,0,1,0,9.620099,6.388517,-7.3961,1],
				"geometry": "9690B6AF-0E7A-4F1D-9D24-2C212C345F0C",
				"material": "2963FAD2-D808-4894-BEB6-415751F4F705"
			},
			{
				"uuid": "0EC3F589-8C22-404E-82AD-E31FB5934E48",
				"type": "Mesh",
				"name": "Box",
				"matrix": [1,0,0,0,0,1,0,0,0,0,1,0,8.821147,6.388517,-7.3961,1],
				"geometry": "9690B6AF-0E7A-4F1D-9D24-2C212C345F0C",
				"material": "2963FAD2-D808-4894-BEB6-415751F4F705"
			},
			{
				"uuid": "FE4A9151-6A8C-443D-9F35-9C6B90B4D3E5",
				"type": "Mesh",
				"name": "Box",
				"matrix": [1,0,0,0,0,1,0,0,0,0,1,0,9.784622,5.915641,-7.3961,1],
				"geometry": "9690B6AF-0E7A-4F1D-9D24-2C212C345F0C",
				"material": "2963FAD2-D808-4894-BEB6-415751F4F705"
			},
			{
				"uuid": "B8B2FE83-A41C-4325-9B6E-AA3BF36AAB47",
				"type": "Mesh",
				"name": "Box",
				"matrix": [1,0,0,0,0,1,0,0,0,0,1,0,8.666055,5.915641,-7.3961,1],
				"geometry": "9690B6AF-0E7A-4F1D-9D24-2C212C345F0C",
				"material": "2963FAD2-D808-4894-BEB6-415751F4F705"
			},
			{
				"uuid": "8E87E340-276A-4D32-8EB8-B0CBB37BF6ED",
				"type": "Mesh",
				"name": "Sphere",
				"matrix": [1,0,0,0,0,1,0,0,0,0,1,0,9.434816,5.467109,-8.0782,1],
				"geometry": "DCC1F8D2-E17E-445A-BEEE-08965CA397C8",
				"material": "08212A6C-BD68-420F-A6BB-CC3E4B704ACF"
			},
			{
				"uuid": "0DCBDC48-ED88-45C1-AD06-33EFB00E5EB6",
				"type": "Mesh",
				"name": "Sphere",
				"matrix": [1,0,0,0,0,1,0,0,0,0,1,0,9.374437,5.868693,-7.85237,1],
				"geometry": "DCC1F8D2-E17E-445A-BEEE-08965CA397C8",
				"material": "08212A6C-BD68-420F-A6BB-CC3E4B704ACF"
			},
			{
				"uuid": "AA0BBA18-F432-4509-BBCD-8B44873E70B2",
				"type": "Mesh",
				"name": "Sphere",
				"matrix": [1,0,0,0,0,1,0,0,0,0,1,0,9.331407,6.38332,-7.701074,1],
				"geometry": "DCC1F8D2-E17E-445A-BEEE-08965CA397C8",
				"material": "08212A6C-BD68-420F-A6BB-CC3E4B704ACF"
			},
			{
				"uuid": "3D3C462A-E2E5-4B3B-BB59-A56E3BECFC22",
				"type": "Mesh",
				"name": "Sphere",
				"matrix": [1,0,0,0,0,1,0,0,0,0,1,0,9.374437,5.467109,-6.548107,1],
				"geometry": "DCC1F8D2-E17E-445A-BEEE-08965CA397C8",
				"material": "08212A6C-BD68-420F-A6BB-CC3E4B704ACF"
			},
			{
				"uuid": "689801A6-12A4-4724-B37C-60C2AB62EA94",
				"type": "Mesh",
				"name": "Sphere",
				"matrix": [1,0,0,0,0,1,0,0,0,0,1,0,9.374437,6.38332,-6.972895,1],
				"geometry": "DCC1F8D2-E17E-445A-BEEE-08965CA397C8",
				"material": "08212A6C-BD68-420F-A6BB-CC3E4B704ACF"
			},
			{
				"uuid": "76AE1484-4728-4333-A0E2-C4FA9BF3466D",
				"type": "Mesh",
				"name": "Cylinder",
				"matrix": [0.2,0,0,0,0,1,0,0,0,0,0.2,0,9.235832,7.48173,-7.335417,1],
				"geometry": "A5184135-F08B-41F5-9FB0-0693AC3787AA",
				"material": "E3E1BBC8-899B-47CD-BDFE-B02EC1916C9C"
			},
			{
				"uuid": "F13E4970-D67C-49E3-88FC-C3FA719367CD",
				"type": "Mesh",
				"name": "Cylinder",
				"matrix": [0.2,0,0,0,0,1,0,0,0,0,0.2,0,9.235832,7.018635,-7.335417,1],
				"geometry": "9B4ABCF7-790C-4094-914C-7C6EB46F1793",
				"material": "E3E1BBC8-899B-47CD-BDFE-B02EC1916C9C"
			},
			{
				"uuid": "549BC1B6-9604-48E1-82FC-DEBE051D091A",
				"type": "Mesh",
				"name": "Cylinder",
				"matrix": [0.2,0,0,0,0,1,0,0,0,0,0.2,0,9.235832,6.51294,-7.335417,1],
				"geometry": "EB8B1591-48AF-4399-B4C0-1156BE2B0661",
				"material": "E3E1BBC8-899B-47CD-BDFE-B02EC1916C9C"
			},
			{
				"uuid": "D1C44E19-9DCD-48E1-8BF0-982155E0F0F2",
				"type": "Mesh",
				"name": "Cylinder",
				"matrix": [0.2,0,0,0,0,1,0,0,0,0,0.2,0,9.235832,5.72305,-7.335417,1],
				"geometry": "08721188-0622-4048-8776-42C9F093C07C",
				"material": "E3E1BBC8-899B-47CD-BDFE-B02EC1916C9C"
			},
			{
				"uuid": "B4B5A8D7-6CD8-4865-A443-8C6781681ABC",
				"type": "Mesh",
				"name": "Sphere",
				"matrix": [1,0,0,0,0,1,0,0,0,0,1,0,9.374437,5.868693,-6.775024,1],
				"geometry": "DCC1F8D2-E17E-445A-BEEE-08965CA397C8",
				"material": "08212A6C-BD68-420F-A6BB-CC3E4B704ACF"
			},
			{
				"uuid": "9189568C-222C-4A20-ABF1-06CCB599C99C",
				"type": "Mesh",
				"name": "Cylinder",
				"matrix": [0.02,0,0,0,0,0.08,0,0,0,0,0.02,0,9.437723,20.605785,-7.219163,1],
				"geometry": "B3D955AC-BBA7-4039-B0F5-20363D9FB3AF",
				"material": "46779EEF-5B27-480E-8C43-9E7DDF36B5BD"
			},
			{
				"uuid": "640BF390-31AE-479C-B6AF-269DBDFA692A",
				"type": "Mesh",
				"name": "Cylinder",
				"matrix": [0.2,0,0,0,0,1,0,0,0,0,0.2,0,9.12,6.064811,-7.335417,1],
				"geometry": "247ADA7C-DEE9-41CB-8936-DA5F77697564",
				"material": "E3E1BBC8-899B-47CD-BDFE-B02EC1916C9C"
			},
			{
				"uuid": "716BD4A8-9CC0-41F6-A0D4-BE86AD5D5313",
				"type": "Group",
				"name": "Group",
				"matrix": [1,0,0,0,0,1,0,0,0,0,1,0,-25.936731,-13.238486,0,1]
			},
			{
				"uuid": "C62AAE9F-9E51-46A5-BD2B-71BA804FC0B3",
				"type": "DirectionalLight",
				"name": "DirectionalLight 3",
				"matrix": [1,0,0,0,0,1,0,0,0,0,1,0,10,20,15,1],
				"children": [
					{
						"uuid": "0807D878-7FD4-4FBA-B7C8-F0ABF5880532",
						"type": "PerspectiveCamera",
						"name": "PerspectiveCamera",
						"matrix": [1,0,0,0,0,1,0,0,0,0,1,0,-2.446148,-14.904878,-22.67875,1],
						"fov": 50,
						"zoom": 1,
						"near": 1,
						"far": 10000,
						"focus": 10,
						"aspect": 1,
						"filmGauge": 35,
						"filmOffset": 0
					}],
				"color": 16777215,
				"intensity": 1,
				"shadow": {
					"camera": {
						"uuid": "0A08564F-E634-4DC1-9987-19766A540745",
						"type": "OrthographicCamera",
						"zoom": 1,
						"left": -5,
						"right": 5,
						"top": 5,
						"bottom": -5,
						"near": 0.5,
						"far": 500
					}
				}
			}],
		"background": 11184810
	}
}